SalesPerson-Id,First-Name,Last-Name
0,FirstName0,LastName0
1,FirstName1,LastName1
2,FirstName2,LastName2
3,FirstName3,LastName3
4,FirstName4,LastName4
5,FirstName5,LastName5
6,FirstName6,LastName6
7,FirstName7,LastName7
8,FirstName8,LastName8
9,FirstName9,LastName9
10,FirstName10,LastName10
11,FirstName11,LastName11
12,FirstName12,LastName12
13,FirstName13,LastName13
14,FirstName14,LastName14
15,FirstName15,LastName15
16,FirstName16,LastName16
17,FirstName17,LastName17
18,FirstName18,LastName18
19,FirstName19,LastName19
20,FirstName20,LastName20
21,FirstName21,LastName21
22,FirstName22,LastName22
23,FirstName23,LastName23
24,FirstName24,LastName24
25,FirstName25,LastName25
26,FirstName26,LastName26
27,FirstName27,LastName27
28,FirstName28,LastName28
29,FirstName29,LastName29
